mdb_source_id,Transitland ID,Transit Feeds ID
1,f-dry0-cascobayislandtransitdistrict,casco-bay-lines/1153
2,,london-transit-commission/831
3,f-dpzk-barrietransit,barrie-transit/522
4,,athens-public-transit/298
5,f-st~lawrence~county~ny,
6,f-69y7-recursosdatabuenosairesgobar,subterraneos-de-buenos-aires/541
7,,empresa-publica-de-transportes-e-circulacao/532
8,f-6gy-sptrans,sptrans/1049
9,f-7h2w-empresadetransportesetransitodebelohorizontes~a,bhtrans/640
10,f-87z-thebus,thebus-honolulu/57
11,f-9-amtrak~amtrakcalifornia~amtrakcharteredvehicle,amtrak/1136
12,f-9mgve-avalon~ca~us,avalon-transit/951
13,"f-9mu-mts, f-9mu-mts~sandiegointernationalairport",san-diego-mts/195
14,f-9mu-northcountytransitdistrict,nctd/194
15,f-9mu-orangecountytransportationauthority,orange-county-transportation-authority/197
16,f-9muq-lagunabeach~ca~us,laguna-beach-transit/402
17,f-9my-ycat,yuma-county-intergovernmental-public-transportation-authority/335
18,f-9myr-paloverdevalley~ca~us,palo-verde-valley-transit-agency/679
19,f-9pp-humboldtcounty~ca~us,"arcata-mad-river-transit-system/148, blue-lake-rancheria-transit-system/1142"
20,f-9pr-delnorte~ca~us,redwood-coast-transit/599
21,,coos-county-area-transit/458
22,,curry-public-transit/460
23,,lincoln-county-transit/470
24,,rhody-express/476
25,f-9q-easternsierra~ca~us,eastern-sierra-transit/602
26,f-9q4-smat~ca~us,santa-maria-area-transit/760
27,f-9q5-airportvaletexpress~ca~us,airport-valet-express/773
28,f-9q5-dpwlacounty~ca~us,la-go-bus/1250
29,f-9q5-metro~losangeles,la-metro/184
30,f-9q5-metro~losangeles~rail,la-metro/677
31,f-9q5-vctc~ca~us,ventura-county-transportation-commission/792
32,f-9q54-goldcoasttransit,gold-coast-transit/339
33,f-9q56-thousandoaks~ca~us,thousand-oaks-transit/685
34,f-9q5b-torrancetransit,city-of-torrance/388
35,f-9q5b4-pvpta~ca~us,palos-verdes-peninsula-transit-authority/603
36,f-9q5bf-lawndale~ca~us,lawndale-beat/1253
37,f-9q5c-bigbluebus,city-of-santa-monica/260
38,f-9q5c-culvercitybus,culver-city-bus/1057
39,f-9q5cx-montereypark~ca~us,spirit-bus/757
40,f-9q5d-707,simi-valley-transit/905
41,f-9q5f-pasadenatransit,pasadena-transit/1053
42,f-9q6-kcapta~ca~us,kings-area-rural-transit/1026
43,f-9q6-sanluisobisporegionaltransitauthority~pasoroblesexpress~so,san-luis-obispo-rta/710
44,f-9q60w-cityofsanluisobispotransit,city-of-san-luis-obispo/709
45,f-9q611-morrobaytransit,
46,f-9q7-getbus,golden-empire-transit-district/340
47,f-9q7-kerncounty~ca~us,kern-transit/401
48,f-9q7m-portervilletransit,
49,f-9q8-samtrans,samtrans/144
50,f-9q8y-sfmta,sfmta/60
51,f-9q8yy-missionbaytma~ca~us,mission-bay-tma/952
52,f-9q8zr-tidelinewatertaxi~ca~us,tideline-water-taxi/756
53,f-9q9-bart,bart/58
54,f-9q9-caltrain,caltrain/122
55,f-9q9-modesto~ca~us,modesto-area-express/1280
56,f-9q9-monterey~salinastransit,monterey-salinas-transit/854
57,f-9q9-vta,vta/45
58,f-9q99-sanbenito~ca~us,san-benito-county-express/491
59,f-9q9h-stanford~marguerite,stanford-marguerite-shuttle/736
60,f-9q9hy-mountainview,mvgo/754
61,f-9q9j-commute~ca~us,commute-org-san-mateo-county-shuttles/1055
62,,golden-gate-bridge-highway-transportation-district/344
63,f-9q9p3-emerygoround,emery-go-round/769
64,f-9q9q-wheelsbus,livermore-amador-valley-transit-authority/701
65,f-9q9y-escalon~ca~us,city-of-escalon/601
66,f-9qb-airportexpressinc~ca~us,
67,f-9qb-goldengatetransit,golden-gate-bridge-highway-transportation-district/349
68,f-9qb-laketransit~ca~us,lake-transit-authority/598
69,f-9qb-mendocino~ca~us,"mendocino-transit-authority-mendocino-county/416, mendocino-transit-authority/205"
70,f-9qb-sonomacounty~ca~us,sonoma-county-transit/419
71,f-9qbb-marintransit,marin-transit/345
72,f-9qbc9-petalumatransit~petaluma~ca~us,petaluma-transit-gtfs/675
73,f-9qbdx-santarosacitybus,
74,f-9qc-capitolcorridor,capitol-corridor/825
75,f-9qc-eldoradotransit~ca~us,el-dorado-transit/680
76,f-9qc-fairfield~ca~us,fairfield-and-suisun-transit/337
77,f-9qc-placercountytransit,placer-county-transit/1140
78,f-9qc-westcat~ca~us,westcat/682
79,f-9qc-yubasutter~ca~us,yuba-sutter-transit/154
80,f-9qc0-soltrans~ca~us,soltrans/666
81,f-9qc3-datatrilliumtransitcom,rio-vista-delta-breeze/526
82,f-9qc7-unitransdavis,unitrans/301
83,f-9qcbb-cityofloditransit~grapeline,city-of-lodi-grapeline/711
84,f-9qcy-nevadacountygoldcountrystage,gold-country-stage/749
85,f-9qd-fresnocounty~ca~us,fresno-county-rural-transit-agency/338
86,f-9qd-mercedthebus~ca~us,merced-transit-authority/605
87,f-9qd-stanislaus~ca~us,stanislaus-regional-transit/493
88,f-9qd-yosemite~ca~us,yosemite-area-regional-transportation-system/155
89,f-9qdc-clovistransit~ca~us,clovis-transit/1249
90,f-9qdc-gis4ufresnogov,fresno-area-express/315
91,f-9qdd-maderaareaexpress~ca~us,madera-area-express/1038
92,f-9qf-amador~ca~us,amador-transit/390
93,f-9qf-calaveras~ca~us,calaveras-transit/399
94,f-9qf-laketahoe~ca~us,tahoe-area-regional-transit/389
95,f-9qfyf-jumparoundcarson,
96,f-9qh-metrolinktrains,metrolink/332
97,f-9qh-omnitrans,omnitrans/304
98,f-9qh-riversidetransitagency,riverside-transit-agency/531
99,f-9qh-victorville~ca~us,victor-valley-transit-authority/350
100,f-9qh0-anaheim~ca~us,anaheim-resort-transportation/410
101,f-9qh1-foothilltransit,foothill-transit/506
102,f-9qh1-norwalktransitsystem,norwalk-transit-system/846
103,f-9qh1f-elmontetransit,el-monte-transit/903
104,f-9qh2s-corona~ca~us,corona-cruiser/400
105,f-9qh45-duartetransit~ca~us,duarte-transit/759
106,f-9qhc-beaumont~ca~us,pass-transit/391
107,f-9qhf-bigbear~ca~us,mountain-transit/600
108,f-9qj-sunlinetransitagency,sunline-transit-agency/348
109,f-9qnx-bullheadareatransit~az~us,bullhead-area-transit-system/670
110,f-9qqj-rtcsnv,rtc-southern-nevada/47
111,f-9qx5-suntran,
112,,people-mover-grant-county/475
113,f-9r-sagestage,sage-stage/479
114,f-9r0-redding~ca~us,redding-area-bus-authority/346
115,f-9r0-trinity~ca~us,trinity-county-transportation-commission/428
116,f-9r1-tehama~ca~us,tehama-rural-area-express/494
117,f-9r2-siskiyou~ca~us,siskiyou-transit-and-general-express/492
118,f-9r4-lassen~ca~us,lassen-rural-bus/414
119,f-9r4-plumas~ca~us,plumas-transit/418
120,f-9r4-rtcride,rtc-washoe/46
121,f-9r8-josephinecounty~or~us,josephine-county-transit/469
122,f-9r88-rogue~valley~transportation~district,rogue-valley-transportation-district/478
123,,utrans/486
124,f-9r9-craterlaketrolley~or~us,
125,f-9r92-basin~or~us,basin-transit-service/468
126,f-9rb-benton~or~us,benton-county-transportation/438
127,f-9rb-caravan~or~us,caravan-airport-transportation/439
128,f-9rb-cherriots,cherriots/279
129,f-9rb-citytocityshuttle~or~us,city-2-city-shuttle/772
130,f-9rb-diamondexpress~or~us,diamond-express/461
131,f-9rb-lanetransitdistrict,lane-transit-district/314
132,f-9rb-oregonexpressshuttle,oregon-express-shuttle/902
133,f-9rb-pacificcrest~or~us,"pacific-crest-bus-lines/910, tac-transportation/464"
134,,south-lane-wheels/481
135,f-9rbm-albanytransit~or~us,linn-benton-loop-bus/472
136,f-9rbm-corvallis~or~us,corvallis-transit-system/459
137,f-9rbs-linnshuttle~or~us,linn-shuttle/471
138,f-9rc-cascadeseast~or~us,cascades-east-transit/440
139,f-9rc-cobreeze~or~us,central-oregon-breeze/771
140,f-9rc-eugenetobend~or~us,tac-transportation/464
141,,malheur-council-on-aging-community-services/676
142,f-9rv2-valleyride,valleyride/889
143,f-9ry8-mountainridestransportationauthoritymrta,mountain-rides-transportation-authority/371
144,f-9t9-suntran,suntran-tucson/584
145,f-9t9e-cityofsierravista,
146,f-9t9p7-universityofaz~cattran~freeshuttleservice,cat-tran-shuttle/904
147,f-9tb-valleymetro,valley-metro/68
148,f-9tsk-sunmetro,sun-metro/620
149,f-9tvbk-carlsbadmunicipaltransitsystem,
150,f-9v6-capitalmetro,capital-metro/24
151,f-9vfu-dentoncountytransportationauthority,denton-county-transportation-authority/1085
152,f-9vg-dallasarearapidtransit,dart/26
153,f-9vg3-startransit~tx~us,star-transit/745
154,f-9vk-metropolitantransitauthorityofharriscounty,metro/25
155,f-9vxz-jatran~ms~us,jatran/555
156,f-9w-arizonashuttle~az~us,
157,f-9w-navajotransitsystem,
158,f-9w0md-cottonwood~az~us,cottonwood-area-transit/242
159,f-9w0q-verdelynx~az~us,verde-lynx/245
160,f-9we1-redappletransit~nm~us,red-apple-transit/766
161,f-9wfy-grandvalleytransit,grand-valley-transit/1308
162,f-9wg-rfta,roaring-fork-transportation-authority/907
163,f-9wgu-gunnisonvalleyrta,gunnison-valley-rta/1309
164,f-9wgzn-741,snowmass-village-transportation/930
165,f-9wh-riometroregionaltransitdistrict,
166,f-9whp-abqride,abq-ride/52
167,f-9wk-sandiashuttle~nm~us,
168,f-9wv-coloradoshuttle~co~us,
169,f-9x-bustang~co~us,bustang/770
170,f-9x0-uta,utah-transportation-authority/59
171,f-9x8-pocatelloregionaltransit,pocatello-regional-transit/1157
172,f-9xh-cme~co~us,colorado-mountain-express/900
173,f-9xh-ecotransit~co~us,eco-transit/753
174,f-9xh3-vailtransit,vail-transit/901
175,,winter-park-transit/1027
176,f-9xhv-nps~romo~shuttles,national-park-service/619
177,,estes-park-transit/1285
178,f-9xj-rtd,rtd-denver/188
179,,transfort/508
180,f-9xj5s-viamobilityservices~co~us,via-mobility/1023
181,f-9xj5sg-universitycoloradoboulder~co~us,university-of-colorado-boulder/1028
182,f-9y68-clevelandarearapidtransitcart,
183,f-9y69-embark,embark/520
184,f-9y7v-metropolitantulsatransitauthority,tulsa-transit/521
185,f-9ydy-wichitatransit,wichita-transit/597
186,f-9yreb-jet,
187,f-9yu-kcata,kansas-city-area-transportation-authority/382
188,f-9yum-kuonwheels~lawrencetransitsystem,
189,f-9yz-jeffersoncounty~mo~us,jeffco-express/393
190,f-9yzg-metrostlouis,bi-state-development-agency/381
191,f-9ze3-755,sioux-city-transit-system/940
192,f-9zep-siouxareametro~sd~us,sioux-area-metro/361
193,f-9zmk-desmoinesarearegionaltransitauthority,des-moines-area-regional-transit-authority/539
194,f-9zmzj-767,marshalltown-municipal-transit/938
195,f-9zq4g-762,10-15-transit/936
196,f-9zqv-coralvilletransitsystem~ia~us,coralville-transit/1025
197,f-9zqvh-cambus~ia~us,cambus/1024
198,f-9zqy-cedarrapidstransit,cedar-rapids-transit/906
199,f-9zr0n-759,burlington-urban-service/943
200,f-9zr78-muscabus,muscabus/911
201,f-9zrs-metrorockislandcountymetropolitanmasstransitdistrict,
202,f-9zry5-clintonmta,clinton-mta/937
203,f-9zt1b-dodgerarearapidtransit,dodger-area-rapid-transit/912
204,f-9ztt-masoncitypublictransit,mason-city-public-transit/939
205,f-9zv-twin~cities~minnesota,"metro-transit/1284, metro-transit/179"
206,f-9zvw-mvta~metro,minnesota-valley-transit-authority/177
207,f-9zx9-thejule,
208,f-9zyy-eauclairetransit,
209,f-academy~express~staten~island,
210,f-acrta~oh~us,
211,f-alhambra~ca~us,alhambra-community-transit/1312
212,f-allpointstransit~co~us,all-points-transit/1274
213,f-amarillo~city~transit,amarillo-city-transit/1150
214,f-antelope~valley~transit~authority,
215,f-arcadia~ca~us,arcadia-transit/1344
216,f-arvin~ca~us,arvin-transit/1310
217,f-auburntransit~ca~us,auburn-transit/1271
218,f-avon~co~us,"avon-transit-colorado/1267, avon-transit/1258"
219,f-baldwinpark~ca~us,baldwin-park-transit/1342
220,f-banning~pass~transit,
221,f-barta~pa,
222,f-baton~rouge~cats,
223,f-bay~area~transportation~authority~mi,bay-area-transit-authority/1144
224,f-bay~transit~va,
225,f-bdvk-anchoragepeoplemover,people-mover/370
226,f-beartransit~ca~us,bear-transit/1345
227,f-bellflower~ca~us,bellflower-bus/1316
228,f-bellgardens~ca~us,bell-gardens-trolley/1313
229,f-benson~az~us,
230,f-bentcounty~co~us,bent-county-transportation/1283
231,f-bethesdacirculator~md~us,
232,f-bew-fairbanksnorthstarborough~macstransit,macs-transit/634
233,f-birnie~bus,
234,f-blackhawktramway~co~us,blackhawk-and-central-city-tramway/1282
235,f-blackstone~va~us,
236,f-blossomexpress~ca~us,blossom-express/1303
237,f-breckenridgefreeride~co~us,breckenridge-free-ride/1270
238,f-bristol~va~us,
239,f-broome~county~ny~us,
240,f-butler~county~rta,butler-county-regional-transit-authority/1158
241,f-butte~regional~transit,
242,f-c0r-pacifictransit,pacific-transit/783
243,f-c1f-interisland~ak~us,inter-island-ferry/908
244,f-c1f6-thebus~ketchikangatewayborough~airportferry,ketchikan-gateway-borough/775
245,f-c2-appleline~goldline~dungenessline~grapeline,
246,f-c20-tillamook~or~us,"cc-rider/444, sunset-empire-transportation-district/483, the-wave/485"
247,f-c20-trimet,trimet/43
248,f-c20-wilsonville~or~us,wilsonville-transit/429
249,f-c20-wotm~wa~us,
250,,yamhill-county-transit-area/490
251,,woodburn-transit-service/489
252,f-c209-canbytransit~or~us,canby-area-transit/608
253,f-c20d-rideconnection~or~us,ride-connection/477
254,,washington-park-shuttle/758
255,,swan-island-evening-shuttle/484
256,f-c20f-bluestar~or~us,blue-star-transportation/437
257,f-c20f-cccxpress~or~us,ccc-xpress/669
258,f-c20g-c~tran,"c-tran/282, c-tran-vancouver/1013"
259,f-c20w-rivercitiestransit~wa~us,rivercities-transit/607
260,,columbia-area-transit/443
261,,"sandy-area-metro/480, mt-hood-express/473"
262,f-c215-gorgewet~wa~us,skamania-county-public-transit/678
263,f-c22-graysharbortransit,
264,f-c22-mason~wa~us,mason-transit/590
265,f-piercecountyferries~wa~us,pierce-transit/448
266,f-c22e-intercitytransit,intercity-transit/356
267,f-c23-metrokingcounty,king-county-metro/73
268,f-c23-soundtransit,sound-transit/44
269,f-c23n-microsoftshuttles,
270,f-c23p1-seattlechildrenshospitalshuttle,seattle-children-s-hospital/456
271,f-c24-peopleforpeople,
272,f-c25-ctuir~or~us,confederated-tribes-of-the-umatilla-indian-reservation/457
273,f-c25p-benfranklintransit,ben-franklin-transit/915
274,f-c25v-milton~freewater~or~us,city-of-milton-freewater/442
275,f-c26-linktransit~wa~us,link-transit/392
276,f-c26-yakimatransit,yakima-transit/153
277,f-c262f-uniongaptransit,union-gap-transit/881
278,f-c263-selah~wa~us,selah-transit/1029
279,f-c28-clallamtransitsystem,
280,f-c28-islandtransit,
281,f-c28-pugetsoundexpress,
282,f-c28-thevictoriaclipper,the-victoria-clipper/800
283,f-c28-washingtonstateferries,washington-state-ferries/586
284,f-c28-whatcomtransportationauthority,
285,f-c283-jamestownsklallam,
286,f-c284-blackballferryline,
287,f-c29-communitytransit,community-transit/454
288,f-c290-everetttransit,everett-transit/455
289,,"wallowa-community-connection/488, northeast-oregon-public-transit/436"
290,f-c2kx-spokanetransitauthority,spokane-transit-authority/199
291,f-c2pvx-butte~mt~us,butte-silver-bow-transit/394
292,f-c2qf-mountainline,mountain-line-missoula/765
293,f-c2qft-udash~mt~us,udash/764
294,f-c427-cityandboroughofjuneau~ak~us,capital-transit/698
295,f-c815-streamlinetransit~mt~us,streamline/671
296,f-calabasas~ca~us,calabasas-transit-system/1336
297,f-camarillo~ca~us,camarillo-area-transit/1300
298,f-carson~ca~us,carson-circuit/1337
299,f-catalina~express,
300,f-catalinaflyer~ca~us,
301,f-cbq6-duluthtransitauthority,duluth-transit/174
302,f-ceats~ny,
303,f-central~transit~wa,
304,f-chautauqua~area~regional~transit~system,
305,f-chemung~c~tran,
306,f-chicagowatertaxi~il~us,
307,,cincinnati-metro/218
308,f-cityofdekalb~il~us,
309,f-cityoffountaintransit~co~us,city-of-fountain-transit/1350
310,f-cityofhelena~mt~us,
311,f-cityofridgecrest~ca~us,ridgerunner/1317
312,f-clackamascounty~or~us,
313,f-clearcreek~co~us,clear-creek-county-transit/1334
314,f-compton~ca~us,compton-renaissance-transit/1311
315,f-corpus~christi~regional~transportation~authority,corpus-christi-rta/61
316,f-corridorrides,
317,f-cripplecreek~co~us,cripple-creek-transportation/1276
318,f-cudahy~ca~us,cudahy-area-rapid-transit/1339
319,f-d-groometransportation~us,groome-transportation/1248
320,f-delano~ca~us,
321,f-dh-lakeland,
322,f-dhm-keywest~fl~us,key-west-transit/1012
323,f-dht-collierareatransit~cat,
324,f-dht-leecountytransit,
325,f-dhv-hillsborougharearegionaltransit,hillsborough-area-regional-transit/228
326,f-dhv-psta,psta/225
327,,sarasota-county-area-transit/376
328,f-dhvk-manatee~fl~us,"manatee-county-area-transit-manatee-county/396, manatee-county-area-transit/375"
329,f-dhvrs-bullrunner,
330,f-dhw-browardcountytransit,broward-county-transit/49
331,f-dhw-miamidadetransit,miami-dade-county-transit/48
332,f-dhx-palmtran,palm-tran/616
333,f-dhx-tri~rail,south-florida-regional-transportation-authority/699
334,f-districtthree~va~us,
335,f-dj3-ecat~fl~us,escambia-county-area-transit/554
336,f-dj6m-okaloosacountytransit~fl~us,emerald-coast-rider/553
337,f-dj75-baytowntrolley~fl~us,bay-town-trolley/548
338,f-djf8-montgomerytransit~al~us,montgomery-transit/674
339,f-djfq-birminghamjeffersoncountytransitauthority,birmingham-jefferson-county-transit-authority/683
340,f-djj2-pascocountypublictransit~fl~us,pasco-county-public-transportation/960
341,f-djj6-thehernandoexpress~fl~us,hernando-county-transit/551
342,f-djjg-lakecounty,
343,f-djjt-suntran~fl~us,suntran/552
344,f-djkj-starmetro,starmetro/885
345,f-djm2-regionaltransitsystem,regional-transit-system/342
346,f-djmu-jacksonvilletransportationauthority,jacksonville-transportation-authority/331
347,f-djn-centralfloridaregionaltransitauthority,central-florida-regional-transportation-authority/373
348,,"sarasota-county-area-transit/376, space-coast-area-transit/395"
349,f-djn-votran,votran/802
350,f-djq-sunshinebuscompany~fl~us,sunshine-bus-company/549
351,f-djwq-chathamareatransit,
352,f-djz4-carta~sc~us,charleston-area-regional-transportation-authority/537
353,f-dn4m-huntsvilleshuttle,huntsville-shuttle/585
354,f-dn5b-cobbavl,cobb-community-transit/372
355,f-dn5b-georgiatechtrolley~stingershuttles,
356,f-dn5bpc-atlantastreetcar,city-of-atlanta/424
357,f-dn5bpr-atlanticstationshuttle,
358,f-dn5fv-cherokeeareatransportationsystemcats,
359,,chattanooga-area-regional-transportation-authority/360
360,f-dn6-regionaltransportationauthorityofmiddletennessee~nashville,nashville-mta/220
361,f-dn6hr-tma~tn~us,franklin-transit-authority/1251
362,f-dne-bgcap~ky~us,blue-grass-ultra-transit-service/950
363,f-dnfq-bloomingtontransit,bloomington-transit/377
364,f-dng1-transitauthorityofrivercity,transit-authority-of-river-city/265
365,f-dngb-lextran,lextran/276
366,f-dngy-southwestohioregionaltransitauthority,
367,f-dngy-transitauthorityofnorthernkentucky,transit-authority-of-northern-kentucky/302
368,f-dnh-marta,marta/65
369,f-dnh0-gwinnettcountytransit,gwinnett-county-transit/862
370,f-dnh01-cliffshuttles~emoryuniversity,
371,f-dnh08-bucshuttle,
372,f-dnq9-ckrider~nc~us,rider-transit/768
373,f-dnr-piedmontauthorityforregionaltransportation,piedmont-authority-for-regional-transportation/538
374,f-dnr-tta~regionalbus~nc~us,triangle-transit/385
375,f-dnrg-cary~transit~nc~us,cary-transit/366
376,f-dnru-chapel~hill~transit~nc~us,chapel-hill-transit/367
377,f-dnru-durham~area~transit~authority~nc~us,go-durham/369
378,f-dnrug-duke~nc~us,duke-university/368
379,f-dnwe-pulaski~va~us,pulaski-area-transit/406
380,f-dnwe-radford~va~us,radford-transit/405
381,f-dnxs-gltc~lynchburg~va~us,greater-lynchburg-transit-co/673
382,f-dnzft-hdpt,harrisonburg-transit/589
383,f-downey~ca~us,downeylink/1338
384,f-dp-945963,
385,f-dp04-smtd,springfield-mass-transit-district/534
386,f-dp0r-citylink,citylink/780
387,f-dp1b-terrehautetransit~in~us,terre-haute-transit/672
388,f-dp1h-champaignurbanamasstransitdistrict,champaign-urbana-mass-transit-district/162
389,f-dp3-cta,chicago-transit-authority/165
390,f-dp3-pace,pace/171
391,f-dp4j-citybus,greater-lafayette-public-transportation-corporation-citybus/1131
392,f-dp89-beloittransit~wi~us,beloit-transit/762
393,f-dp8d-jts~wi~us,janesville-transit-system/667
394,f-dp8m-metrotransit~cityofmadison,metro-transit-madison/181
395,f-dp9e-belleurbansystem,city-of-racine/832
396,f-dp9k-waukeshacounty~wi~us,waukesha-metro-transit/604
397,f-dpc4-oshkosh~wi~us,go-transit-oshkosh/403
398,f-dpc5-valleytransit,
399,f-dpc8-sheboygan~wi~us,
400,f-dpe-therapid,the-rapid/380
401,f-dpe0-kalamazoometrotransit,
402,f-dpeg-capitalareatransportationauthority,capital-area-transportation-authority/379
403,f-dph4-greaterdaytonrta,
404,f-dphg-centralohiotransitauthority,central-ohio-transit-authority/216
405,f-dpmf-nps~cuva~scenic~rail,national-park-service/618
406,f-dpmg-rta,greater-cleveland-regional-transit-authority/214
407,f-dpp-mountainlinetransitauthority~wvuprt,
408,f-dppc-alleganycountytransit,allegany-county-transit/146
409,f-dppn-portauthorityofalleghenycounty,port-authority-of-allegheny-county/274
410,f-dpq-lakecounty~oh~us,laketran/718
411,f-dpq-metro,
412,f-dprp-eriemetropolitantransitauthority,erie-metropolitan-transit-authority/1254
413,f-dps-michiganflyer~mi~us,michigan-flyer/913
414,f-dps-smart,
415,f-dps2-annarborareatransportationauthority,ann-arbor-transportation-authority/147
416,f-dps2w-universityofmichigantransitservices,university-of-michigan-parking-transportation-services/316
417,f-dpsby4-detroitpeoplemover,detroit-transportation-corporation/1043
418,f-drm-thegreaterattleborotauntonregionaltransitauthority,massdot/98
419,f-drm-vineyardfastferry~ri~us,massdot/650
420,f-drmg-marthasvineyard~ma~us,"massdot/681, massdot/107"
421,f-drmm-southeasternregionaltransitauthority,massdot/106
422,f-drmr-brockton~ma~us,massdot/94
423,f-drms-cuttyhunkferryco~ma~us,massdot/645
424,f-drmu1-patriotpartyboats~ma~us,massdot/648
425,f-drq-freedomcruiseline~ma~us,massdot/647
426,f-drq4-thewave~nantucketregionaltransitauthority,massdot/103
427,f-drq5-hylinecruises~ma~us,massdot/646
428,f-drs-crtransit~vt~us,the-current/559
429,f-drs-franklinregionaltransitauthority,massdot/97
430,f-drs-thebus~vt~us,marble-valley-regional-transit-district/565
431,f-drs-truenorthtransit~ma~us,
432,f-drsb-wrta,massdot/108
433,f-drsf-montachusett~ma~us,massdot/102
434,f-drsh-dvtamoover~vt~us,the-moover/560
435,f-drt-baystatecruisecompany~ma~us,massdot/643
436,"f-drt-coachcompany, f-dr-coachcompany~ma~us","coach-company/1032, massdot/111"
437,f-drt-mbta,mbta/64
438,f-drt0-limoliner~ma~us,limoliner/1030
439,f-drt0-metrowestregionaltransitauthority,massdot/101
440,f-drt3-123bc~ma~us,128-business-council/763
441,f-drt3-909983,
442,f-drt3-middlesex~ma~us,middlesex-3-tma/1139
443,f-drt3-yankee,massdot/115
444,f-drt6-lowellregionaltransitauthority,massdot/99
445,f-drt7-merrimackvalley~ma~us,massdot/100
446,f-drt8-nps~boha~ferries,national-park-service/617
447,f-drtd-capeann~ma~us,massdot/95
448,f-dru-ruralcommunity~vt~us,rural-community-transportation/563
449,f-dru-stagecoach~vt~us,stagecoach-transportation-services/564
450,f-dru-vttranslines~vt~us,vermont-translines/566
451,f-dru8-advancetransit,
452,f-drvc-rtp~me~us,lakes-region-explorer/755
453,f-dry0-cityofsouthportland,city-of-south-portland/1152
454,f-dry0-maine~greaterportlandmetrobus,greater-portland-metro/1151
455,f-dsi~co~us,envida/1318
456,f-durango~transit~co,durango-transit/1306
457,f-dutchess~county~ny,
458,f-elsegundo~ca~us,
459,,
460,f-express-arrow,
461,f-farmville~va~us,
462,f-gallup~express,
463,f-get~va~us,
464,f-dpsc-detroitdepartmentoftransportation,detroit-department-of-transportation/299
465,f-dpx-wwwnftacom,niagara-frontier-transportation-authority/230
466,f-dq-mtamaryland~bus,mta-maryland/247
467,f-dq-mtamaryland~commuterbus,mta-maryland/247
468,f-dq-mtamaryland~marc,mta-maryland/247
469,f-dq-mtamaryland~raillink,mta-maryland/247
470,f-dq-mtamaryland~subwaylink,mta-maryland/247
471,f-dq25-capital~area~transit~nc~us,go-raleigh/365
472,f-dq2s-tarriver~nc~us,tar-river-transit/751
473,f-dq9-hrt,hampton-roads-transit/358
474,,wata/941
475,f-dqc-delmarvacommunitytransit,delmarva-community-transit/1079
476,,
477,f-dqc-thebusofprincegeorgescounty,prince-georges-county-thebus/1052
478,f-dqc-virginiarailwayexpress,virginia-railway-express/250
479,f-dqc7-charlescountyvango,charles-county-vango/1078
480,f-dqce-calvertcountypublictransportation,calvert-county-public-transportation/1077
481,f-dqch-prtc,prtc/357
482,f-dqchv-alexandriatransitcompanydash,alexandria-transit-company/423
483,f-dqcj-fairfaxconnector,fairfax-connector/295
484,f-dqcj1-fairfaxcue,fairfax-cue/1042
485,f-dqcjj-arlingtontransit,arlington-transit/149
486,f-dqcjr-dccirculator,wmata/884
487,f-dqcm2-dcstreetcar,wmata/883
488,f-dqcn-montgomerycountymdrideon,montgomery-county-department-of-transportation/235
489,f-dqcq-regionaltransportationagencyofcentralmaryland,regional-transportation-agency-of-central-maryland/574
490,f-dqcqz-bwithurgoodmarshallairport,bwi-airport-shuttle/568
491,f-dqct-annapolistransit,annapolis-transit/567
492,f-dqcv-queenannescountyride,county-ride/571
493,f-dqcx8-charmcitycirculator,charm-city-circulator/1041
494,f-dqf3-shoretransit,tri-county-counsil/1149
495,f-dqfd7-oceancitytransporation,ocean-city-transportation/573
496,f-dr-peterpanbuslines,massdot/113
497,,washington-county-transit/1081
498,f-dr0b-transitservicesoffrederickcounty,frederick-county-transit/1082
499,f-dr1-rabbittransit,rabbit-transit/383
500,f-dr10-carrolltransitsystem~carrollareatransitsystemcats,carroll-area-transit-system/569
501,f-dr1b-harfordtransitlink,harford-transit/572
502,f-dr4-septa~bus,septa/263
503,f-dr4-septa~rail,septa/262
504,f-dr41-ceciltransit,cecil-transit/570
505,f-dr4e-patco,patco/533
506,f-dr4r-lanta,lehigh-and-northampton-transportation-authority/612
507,f-dr5-mtanyclirr,mta/86
508,f-dr5-nj~transit~bus,nj-transit/409
509,f-dr5-nj~transit~rail,nj-transit/408
510,f-dr5r-mtabc,mta/85
511,,mta/886
512,f-dr5r-mtanyctbusbrooklyn,mta/80
513,f-dr5r-mtanyctbusmanhattan,mta/82
514,f-dr5r-mtanyctbusstatenisland,mta/84
515,f-dr5r-nycferry,nyc-ferry/944
516,f-dr5r-nyctsubway,mta/79
517,f-dr5r-path~nj~us,port-authority-of-new-york-and-new-jersey/384
518,,nyc-dot/281
519,f-dr5re-downtownalliance,
520,f-dr5x-mtanyctbusqueens,mta/83
521,f-dr5x-wwwnicebuscom,nassau-inter-county-express/268
522,f-dr5x2-jfkairtrain,jfk-airtrain/433
523,f-dr63-monroecountytransitauthority,monroe-county-transportation-authority/662
524,f-dr7-mtanyc~metro~north,mta/87
525,f-dr7-nywaterway,
526,f-dr7-ulstercountyareatransit,
527,f-dr7-westchestercountybee~linesystem,westchester-county-department-of-transportation/434
528,f-dr72-mtanyctbusbronx,mta/81
529,f-dr7cc-norwalktransit,
530,f-dr7f-greaterbridgeporttransit,greater-bridgeport-transit/1022
531,f-dr8-accessallegany,
532,f-dr8-hornellareatransit,
533,f-dr8-rochester~geneseeregionaltransportationauthority,rochester-genesee-regional-transportation-authority/231
534,f-dr9-centro,central-new-york-rta/524
535,f-dr997-tompkinsconsolidatedareatransit,
536,f-drd-chenangofirsttransit,
537,f-dre-berkshire~ma~us,massdot/93
538,f-dre-cdta,cdta/55
539,f-dre-greenmtncn~vt~us,green-mountain-community-network/562
540,f-dreh-gloversvilletransitservices,
541,f-dres54-cityofmechanicvillepublictransit,
542,f-drew-greaterglensfallstransitsystem,
543,f-drg-addisoncounty~vt~us,addison-county-transit/556
544,f-drg-clintoncountypublictransit,
545,f-drg-franklincountypublictransportation,
546,f-drg-northcountryexpresstransit,
547,f-drgv-lctferries~vt~us,lake-champlain-ferries/1247
548,f-drk-ny~suffolkcountytransit,suffolk-county-transit/1121
549,f-drk-seastreak,massdot/649
550,f-drk-wwwshorelineeastcom,connecticut-transit/317
551,f-drke-ninetown~connecticut~us,9-town-transit/752
552,f-drkg-seatbus~ct~us,south-east-area-transit-district/1143
553,f-drk-cttransit~hartford,"connecticut-transit/323, connecticut-transit/318, connecticut-transit/319, connecticut-transit/322, connecticut-transit/321, connecticut-transit/320"
554,f-drm-blockislandferry~ri~us,massdot/644
555,f-drm-dattco,massdot/112
556,f-drm-plymouthbrockton~ma~us,massdot/114
557,f-hele~on~hi,
558,f-huntingtonpark~ca~us,huntington-park-express/1341
559,f-iowa~city~transit,
560,f-klamath~shuttle~or~us,klamath-shuttle/606
561,f-la~county,
562,f-lacampana~ca~us,la-campana/1319
563,f-lapuente~ca~us,
564,f-las~cruces~road~runner,
565,f-lasvegasloop~nv~us,
566,f-lewis~county~ny,
567,f-lmht~morton~us,
568,f-lowercolumbiacap~wa~us,
569,f-lubbock~tx~us,citibus/1320
570,f-lynwood~trolley,
571,f-macog,
572,f-madera~county~connection,madera-county-transit/415
573,f-madison~transit~services~ny,
574,f-makah,
575,f-met~transit~ia,
576,f-middletown~ct~us,
577,f-montebello~bus,montebello-bus-lines/1343
578,f-moorpark~city~transit,
579,f-morongo~basin,
580,f-mountadams~wa~us,
581,f-mountain~express,
582,f-ncrtd~nm,
583,f-needles~ca~us,
584,f-newburgh~beacon~shuttle~ny,
585,,south-shore-line/863
586,f-olean~area~transit~system,
587,f-omaha~metro,
588,f-oneida~county~ny,
589,f-otsego~express,
590,f-pendleton~or~us,leter-bus/1256
591,f-petersburg~va~us,
592,,massdot/110
593,,flixbus-united-states/1246
594,f-mountainvillage~co~us,town-of-mountain-village/1349
595,,"alcatraz-cruises-hornblower/1348, angel-island-ferry/1347, blue-gold-fleet/824"
596,f-sanjuancapistrano~ca~us,san-juan-capistrano-free-weekend-trolley/1346
597,,connecticut-transit/1089
598,,
599,,city-coach/1141
600,,
601,,"logan-express/1138, massport/1137"
602,f-memphis~area~transit~authority,
603,f-telluride~co~us,
604,,
605,,
606,f-getaroundtownexpress~ca~us,
607,f-homejames~co~us,
608,f-wintran~va~us,
609,f-glendora~ca~us,glendora-transportation-division/1340
610,f-gowal~fl~us,gowal/1286
611,f-grahamtransit~va~us,
612,f-greeley~evans~transit,
613,f-greene~county~transit~ny,
614,f-greenride~co~us,
615,f-greensboro~nc~us,
616,f-gtrans~ca~us,
617,f-guadalupeflyer~ca~us,guadalupe-flyer/1301
618,f-harborconnector~md~us,
619,f-turlock~ca~us,turlock-transit/1288
620,f-valpotransit~chi~us,
621,f-vatransit~va~us,virginia-regional-transit/1287
622,f-westberkeleyshuttle~ca~us,
623,f-westcovina~ca~us,go-west-shuttle/1314
624,f-drm-rhodeislandpublictransitauthority,rhode-island-public-transit-authority/363
625,f-gulfcoastcenter~tx~us,connect-transit-texas/1315
626,,florida-department-of-transportation/684
627,,
628,,union-city-transit/1335
629,f-dru-chittendoncounty~vt~us,"green-mountain-transit-agency/561, chittenden-county-transportation-authority/558"
630,f-djjk-citruscounty~fl~us,citrus-county-transit/550
631,,advance-transit/557
632,,tac-transportation/463
633,,valley-retriever-buslines/487
634,,tac-transportation/465
635,,hut-airport-shuttle/467
636,,tac-transportation/466
637,,southwest-point/482
638,,northwest-point/474
639,,cascade-point/441
640,,charlotte-area-transit-system/1252
641,,
642,,
643,,atp-esercizio-srl/1203
644,,sedona-roadrunner/244
645,f-drq-capecodregionaltransitauthorityccrta,massdot/96
646,f-tulare~tcat,
647,f-buenosaires~trenes,trenes-argentinos/1036
648,f-u2ed-wienerlinien~wlb,stadt-wien/888
649,f-port~phillip~ferries~au,
650,,translink/13
651,f-qconnect~maryborough~hervey~bay,translink/15
652,f-qconnect~north~stradbroke~island,
653,f-qconnect~toowoomba,translink/17
654,f-qconnect~warwick,translink/19
655,f-qconnect~yeppoon,
656,,
657,f-r1-ptv~10,ptv/497
658,,
659,,
660,f-r1f-adelaidemetrocomau,adelaide-metro/1
661,,
662,,
663,,
664,,
665,f-r22-metrotasmania,metrotas/311
666,f-r6v-byroneasybus,byron-easybus/737
667,f-r7g8-qconnect~buslink,translink/8
668,f-r7h-translink,translink/21
669,f-r7hw-qconnect~kilcoy,
670,f-r7hx-translinkcomau,translink/14
671,f-r7ke-qconnect~gympie,
672,f-r7s6-qconnect~duffys~stewarts,
673,f-rhzu-qconnect~transnorth,translink/10
674,f-rhzx-translink~cairns,translink/7
675,f-rk3qj-qconnect~bowen,translink/5
676,f-rk3s-qconnect~whitsundaytransit,
677,f-rk86-qconnect~sunbus,translink/18
678,f-translink~mackay,translink/12
679,f-translink~magnetic~island~ferry,translink/794
680,,nt-department-of-transport/517
681,,metrotas/313
682,,metrotas/312
683,,nt-department-of-transport/518
684,f-u1-delijn,vlaamse-vervoersmaatschappij-de-lijn/530
685,f-u155-dewaterbus,de-waterbus/1067
686,,societe-nationale-des-chemins-de-fer-belges/528
687,f-bhtrans~suplementar,
688,f-bctransit~powell~river,
689,,
690,f-c0-bcferries~bc~ca,bc-ferries/916
691,f-c0yu-bctransit~campbellrivertransitsystem,campbell-river-transit-system/1244
692,f-c0z-bctransit~rdntransitsystem,bc-transit/691
693,f-c0z4-bctransit~comoxvalleytransitsystem,bc-transit/688
694,f-c28-bctransit~cowichanvalleyregionaltransitsystem,
695,f-c28-bctransit~victoriaregionaltransitsystem,bc-transit/695
696,f-c28-nstranslinkca,translink-vancouver/29
697,f-c29p-bctransit~centralfraservalleytransitsystem,bc-transit/686
698,f-c29p-bctransit~fraservalleyexpress,bc-transit/697
699,f-c29r-bctransit~chilliwacktransitsystem,bc-transit/687
700,f-c2b1-bctransit~sunshinecoasttransitsystem,bc-transit/694
701,f-c2b6v-bctransit~squamishtransitsystem,bc-transit/693
702,f-c2bt-bctransit~whistlertransitsystem,bc-transit/696
703,f-c2g-bctransit~vernonregionaltransitsystem,
704,f-c2g5-bctransit~kelownaregionaltransitsystem,bc-transit/690
705,f-c2u-bctransit~westkootenaytransitsystem,
706,f-c2v9t-bctransit~cranbrooktransitsystem,bc-transit/1145
707,f-c342-bctransit~kamloopstransitsystem,bc-transit/689
708,f-c38d-bctransit~princegeorgetransitsystem,bc-transit/692
709,f-c3fpf-bctransit~fortstjohntransitsystem,
710,f-c3ft0-bctransit~dawsoncreektransitsystem,
711,f-c3j-757,roam-transit/953
712,f-c3nf-calgarytransit,calgary-transit/238
713,f-c3r1-red~deer~alberta,
714,f-c3x-edmontontransitsystem,edmonton-transit-system/27
715,f-c8vx-thecityofregina,the-city-of-regina/830
716,f-c9k0-saskatoontransit,city-of-saskatoon/264
717,f-cbfg-winnipegtransit,winnipeg-transit/23
718,f-cornwall~on~ca,cornwall-transit/1223
719,f-dp5k-indiana~mits,
720,f-dpsb-transitwindsor,city-of-windsor/778
721,f-dpwz-grandrivertransit,grand-river-transit/203
722,f-dpx-townofforterietransitsystem~niagarafallstransit~niagarapar,regional-municipality-of-niagara/741
723,f-dpxj-hamiltonstreetrailway,hamilton-street-railway/31
724,f-dpxq-burlingtontransit,burlington-transit/294
725,f-dpxr-oakvilletransit,oakville-transit/615
726,f-dpz-durhamregiontransit,durham-region-transit/642
727,f-dpz-gotransit,go-transit/32
728,f-dpz-yorkregiontransit,york-regional-transit/34
729,f-dpz2-bramptontransit,brampton-transit/35
730,f-dpz2-miway,miway/641
731,f-dpz2-upexpress,go-transit/543
732,f-dpz8-ttc,ttc/33
733,f-drce-kingstontransit,city-of-kingston/779
734,f-dxfy-halifaxtransit~hrm,metrotransit/36
735,f-f-viarail~traindecharlevoix,via-rail-canada/971
736,f-f08e-thunderbaytransit,thunder-bay-transit/201
737,f-f0q2-greatersudburytransit,greater-sudbury-transit/712
738,f-f24-octranspo,oc-transpo/30
739,f-f244-RITC~Transcollines,transcollines/1275
740,f-f244-sto,societe-de-transport-de-loutaouais/828
741,f-f25-exo~citsorel~varennes,agence-metropolitaine-de-transport/137
742,f-f253-exo~citsud~ouest,agence-metropolitaine-de-transport/138
743,f-f256-exo~citlapresquîle,agence-metropolitaine-de-transport/133
744,f-f257-exo~citlaurentides,agence-metropolitaine-de-transport/132
745,f-f259-exo~citduhaut~saint~laurent,agence-metropolitaine-de-transport/131
746,f-f25d-exo~citlerichelain,agence-metropolitaine-de-transport/135
747,f-f25d-exo~citroussillon,agence-metropolitaine-de-transport/136
748,f-f25d-exo~reseaudetransportmetropolitain,"agence-metropolitaine-de-transport/128, agence-metropolitaine-de-transport/1174"
749,f-f25e-societedetransportdelaval,societe-de-transport-de-laval/38
750,f-f25f-exo~citchambly~richelieu~carignan,agence-metropolitaine-de-transport/130
751,f-f25f-rseaudetransportdelongueuil,reseau-de-transport-de-longueuil/37
752,f-f25g-exo~citvallée~du~richelieu,agence-metropolitaine-de-transport/139
753,f-f25g-exo~omitsainte~julie,agence-metropolitaine-de-transport/143
754,f-f25s-exo~mrclesmoulinsurbis,
755,f-f25u-exo~mrcdelassomption,agence-metropolitaine-de-transport/140
756,f-f2hf-sociétédetransportdesherbrooke,societe-de-transport-de-sherbrooke/827
757,f-f2m6-rseaudetransportdelacapitalertc,reseau-de-transport-de-la-capitale/40
758,f-fb6q-metrobus,metrobus-transit/293
759,f-milton~on~ca,milton-transit/929
760,f-str~qc~ca,
761,,
762,,
763,,societe-de-transport-de-levis/1173
764,,
765,,
766,f-s0wz-socatur~taxisco,
767,f-u2f-pražskáintegrovanádoprava,prazska-integrovana-doprava/1106
768,f-germany~long~distance~rail,
769,f-nvbw~bodo,bodo-verkehrsverbund/1237
770,f-nvbw~ding,ding-verkehrsverbund/1184
771,,naldo-verkehrsverbund/1235
772,f-nvbw~oam,
773,f-nvbw~rab,rab-db-zugbus-regionalverkehr-alb-bodensee/1238
774,f-nvbw~vgf,
775,,
776,f-u0x5-swunahverkehrulm~neu~ulmgmbh,swu-verkehr-gmbh/512
777,f-u0y1-rhein~neckar~verkehrgmbhrnv,rhein-neckar-verkehr/629
778,,verkehrsverbund-rhein-sieg/835
779,f-u281z9-mvv,m-nchner-verkehrs-und-tarifverbund/1132
780,f-u3-süd~thüringen~bahn~gvbverkehrs~undbetriebsgesellschaftgeram,
781,f-u30u-de~leipziger~mitteldeutscher,leipziger-verkehrsbetriebe/1127
782,,verkehrsverbund-berlin-brandenburg/213
783,f-nvbw~hnv,swhn-stadtwerke-heilbronn/1239
784,,
785,,"verkehrsverbund-rhein-ruhr-aor/1201, verkehrsverbund-rhein-ruhr-vrr/1234"
786,f-stq4-nationalauthorityfortunnels,
787,f-eth-tenerife~titsa,transportes-interurbanos-de-tenerife/1058
788,f-eth3v-metropolitanodetenerife,
789,,
790,f-ez-renfeoperadora,renfe/1018
791,f-ezj-informaciónoficial~consorcioregionaldetransportesdemadrid,consorcio-regional-de-transportes-de-madrid/1020
792,f-ezjm-consorcioregionaldetransportesdemadrid,consorcio-regional-de-transportes-de-madrid/743
793,f-ezjm-empresamunicipaldetransportes,emt-madrid/212
794,f-ezjm-informaciónoficial~consorcioregionaldetransportesdemadrid,consorcio-regional-de-transportes-de-madrid/742
795,f-ezp8-emtvalencia,emt-valencia/719
796,f-ezw-automÓvilesrÍoalhamasa~elcartelabargaalberto~autobusesparr,government-of-navarra/1257
797,f-ezw5f-tuvisa~euskotran,tuvisa-euskotran/239
798,f-dnjj-clemson~sc~us,clemson-area-transit/362
799,f-playavistashuttle~ca~us,
800,f-point~or-us,
801,f-prairieexpress~co~us,prairie-express-transit/1304
802,f-qline~mi~us,
803,f-redondo~beach~cities~transit,
804,f-rensselaer~county~yankee~trails,
805,f-roadrunnertransit~co~us,road-runner-transit/1273
806,f-rosemead~ca~us,rosemead-explorer/1307
807,f-rrta~pa,
808,f-rts~seneca~ny,
809,f-rts~wyoming~ny,
810,f-sanleandro~ca~us,
811,,san-miguel-authority-for-regional-transportation/1305
812,,
813,,
814,f-schuyler~county~public~transit,
815,f-smart~ca~us,sonoma-marin-area-rail-transit/1050
816,f-snoqualmie~wa~us,
817,f-southcountytransitlink~ca~us,south-county-transit-link/1302
818,f-stark~area~regional~transit~authority,
819,f-startransit~va~us,
820,f-summitstage~co~us,summit-stage/1281
821,f-taft~ca~us,
822,f-thurston~wa~us,
823,f-trailways~adp~ny,
824,f-trailways~nyp~ny,
825,f-trailways~nyt~ny,
826,f-trailways~phk~ny,
827,f-tsctransit~co~us,tsc-transit/1272
828,f-ponyexpress~va~us,
829,f-sierramadre~ca~us,
830,f-wausau~wi~us,
831,,
832,f-dnx-radartransit,
833,,
834,,
835,f-glenn~ca~us,
836,,
837,,
838,f-c28-jeffersontransitauthority,
839,f-santa~fe~trails,
840,f-sp-trenitaliaspa,trenitalia-dtr-piemonte/931
841,f-spe-rtm,
842,f-spev-marcouline,
843,f-spey1-frioulifexpress,
844,f-spfb-tam~montpellier,
845,f-spv-lignesdazur,lignes-dazur/738
846,f-sqaxin~tribal~transit,
847,f-sr7-societatrasportiprovincialespa,
848,f-srk0-autolineescoppio,
849,f-srk01-comunedigioiadelcolle,
850,f-steuben~area~rides,
851,f-steuben~county~ny,
852,f-trivalley~vt~us,
853,f-u-flixbus,flixbus/795
854,f-u0j-atap,
855,f-u0n-trenord,trenord/724
856,f-u0tk-cts,
857,f-u0xepe-avv,
858,,
859,f-u2d-beanshuttle,bean-shuttle/812
860,f-u2f-dpp,praha/801
861,f-u2hy-biokomnonprofitkft,biokom-nonprofit/838
862,f-u2mw-weekendbus,weekendbus/887
863,f-u3qb-warszawskakolejdojazdowa,warszawska-kolej-dojazdowa/722
864,f-u6x-turunlinja~autoilijainosakeyhtiö~savonlinjaoy~sl~autolinja,city-of-turku/730
865,f-ud9-helsinginseudunliikenne,helsinki-regional-transport/735
866,f-udb-tampereenjoukkoliikenne,tampereen-joukkoliikenne/727
867,f-ue4-jyväskylänliikenneoy~koivurantaoy~tilausajotmennÄÄnbussill,city-of-jyvaskyla/728
868,,city-of-kuopio/731
869,f-ued-oulunjoukkoliikenne,"city-of-oulu/919, oulun-joukkoliikenne/729"
870,f-village~of~cooperstown~trolley,
871,f-watertown~citibus,
872,f-xn0j-kobe,
873,f-xn6-山梨交通グループ~富士急行グループ~甲斐市~中央市~南アルプス市~富士川町,yamanashi/813
874,,
875,f-yates~transit~service,
876,,
877,f-tracy~tracer,
878,f-philomathconnection~or~us,
879,f-gardenofthegods~co~us,
880,f-bouldercounty~co~us,
881,f-ebzz-amadepartmentoftransport,
882,f-altavista~va~us,
883,,south-clackamas-transportation-district/761
884,f-ud1h-rīgassatiksme,rigas-satiksme/333
885,f-9vff-fortworthtransportationauthority,fort-worth-transportation-authority/56
886,f-9qc-sanjoaquinrtd,san-joaquin-rtd/347
887,f-u2nr-dakkzrt~szkt,dakk/625
888,f-s-aixenbus,
889,f-s-lesbusdescigales,
890,f-spewfv-ulysse,
891,f-u20f-alilagunaspa,alilaguna/918
892,,amb-mobilitat/994
893,f-s-anm~it,
894,f-u2mmz-budaörsvárosÖnkormányzata,
895,f-s-arstspa~trasportiregionalidellasardegna,
896,f-sqg1-atm~aziendatrasportidimessina,
897,f-tahoe~ca~us,
898,,
899,f-cortland~transit,
900,f-nvbw~tgo,
901,f-dq9k-wata,
902,f-grtc~va,
903,f-dnm6-asheville~nc~us,asheville-transit-service/152
904,f-dubai~rta,
905,f-huntington~area~rapid~transit,
906,f-nvbw~vgc,
907,f-qconnect~rockhampton,translink/16
908,f-portage~area~regional~transportation~authority,
909,f-nvbw~rvs,
910,f-leprechaun~connection,
911,f-clarkstown~mini~trans,
912,f-sr5z3-miccolisspa,
913,f-ebvn-grand~abidjan,
914,f-nvbw~vhb,
915,f-lower~hudson~transit~link,
916,f-clbt~nassau~ny~us,
917,f-green~bay~wi~us,
918,f-nvbw~sbg,
919,f-city~of~lompoc~transit,
920,,
921,f-mmts~hyderabad,
922,f-western~reserve~transit~authority,
923,f-cyride,
924,f-newburgh~bus,
925,,
926,f-dpsk-masstransportationauthorityflint,
927,f-sullivan~county,
928,f-putnam~area~rapid~transit,
929,,city-of-lappeenranta/927
930,,prefeitura-de-bage/777
931,,
932,,
933,,
934,f-sulfertagus,sulfertagus/1005
935,,canberra-metro-operations/1181
936,f-r3dp-wwwactionactgovau,action-buses/3
937,f-gc-aircoach,
938,f-gc6-bernardkavanagh~sons,
939,f-gc6u-kbuggycoaches,
940,f-gc3-burkesbus,
941,f-gc-busÉireann,
942,f-gc3x-citydirect,
943,f-gc-citylink,
944,f-gc3d-catherinemadigan,
945,f-gce-collinscoaches,
946,f-gc-airporthopper~dualwaycoaches,
947,f-gc7-dublinbus,transport-for-ireland/782
948,f-gc7x-expressbus,
949,f-gc9-farragherinternationaltravelservices,
950,f-gc9-busfedateoranta,
951,f-gc-donegalcoastalcruises~arranmorecar~passengerferryservice~ar,
952,f-gc7w-finneganbray,
953,,transport-for-ireland/1044
954,f-gce7n-halpennytransport,
955,f-gc6-irishrail~irishrail~irishrail~irishrail,irish-rail/1046
956,f-gc7h-jjkavanagh~sons,
957,f-gc3f-josephfoley~michaeldonegan,
958,f-gc6-johnkearns,
959,f-gc-kenneallysbusservice,
960,f-gc6-locallinkcarlowkilkenny~locallinkcork~locallinkkildare~loc,
961,f-gc7x-luas,transport-for-ireland/1045
962,f-gcf-josephmangan,
963,f-gce-matthewscoachhire,
964,f-gcd-john~michaelmcgeehan,
965,f-gcd-johnmcginley,
966,f-gc9-mcgrathcoaches,
967,f-gc76-michaelgray,
968,f-gc6f-michaelkilbride,
969,f-gc7x-mortonscoaches,
970,f-gc7x-nitelinkdublinbus,
971,f-gc6v-pjmartley,
972,f-gc6-slievebloomcoachtours,
973,f-gcf2-seamusdoherty,
974,f-gc6c-suirway,
975,f-gc7x-swordsexpress,
976,f-gc317-traleepeoplesbusservice,
977,f-gc7-wexfordbus,
978,f-u0pv-ttesercizio,trentino-trasporti-esercizio/613
979,f-u3h4-mpkautobusy~mpktramwaje~dla~sevibussiechnice~dlawiszniama,
980,,mpk-wroc-aw/663
981,f-u36r-zditmszczecin,zditm-szczecin/587
982,,ztm-pozna/992
983,f-pz-otagoregionalcouncil~otagoregionalcouncil,otago-regional-council/1161
984,,nagaibus/1212
985,,tag/1215
986,f-gcps-frenchbrothersltd,
987,,dtpm-santiago-santiago/972
988,,
989,f-sqc2-amatpalermospa,amat-palermo-spa/540
990,f-u2m-bkk,bkk/42
991,,quadri-orari-atp-nuoro/1170
992,,valsts-sia-autotransporta-direkcija/1227
993,,consorcio-regional-de-transportes-de-madrid/1015
994,,
995,f-gcpv-transportforlondon,
996,,transport-scolaire-du-pays-de-grasse/1190
997,,
998,,
999,f-brest~bibus,bibus/593
1000,,um-przemy-l-mpk-przemy-l-przyjazdy-pl/1207
1001,,koleje-wielkopolskie/1117
1002,,mks-krosno-przyjazdy-pl/1210
1003,,tram-trambaix/996
1004,,tram-trambesos/997
1005,f-u2s1vm0ergtc~bratislava,
1006,f-gbqc-france~impulsyon,impulsyon/1217
1007,f-sp3e-tmb,transports-metropolitans-de-barcelona-tmb/995
1008,f-u3q-ztmwarszawa~kolejemazowieckie~warszawskakolejdojazdowa,"ztm-warszawa/720, metro-warszawskie/721"
1009,,zdmikp-w-bydgoszczy/1109
1010,,gzk-bystry/1115
1011,,koleje-mazowieckie/789
1012,,mpk-om-a/1110
1013,,ztm-lublin/1111
1014,,ztm-gda-sk-zkm-gdynia/1108
1015,,mzdik-radom/1008
1016,f-sn-tunis~banlieues,
1017,,metro-de-malaga/1063
1018,,monkey-forest-ubud/1213
1019,,donan-bus/1021
1020,f-u05-tcl~systral,
1021,f-d44t-nicaragua~institutoreguladordeltransportedelmunicipiodemanagua,irtramma/1120
1022,f-d44-nicaragua,
1023,f-d46d6-nicaragua~estelí,alcaldia-esteli/1119
1024,f-spc0-tisséo,tisseo/595
1025,f-gbqu-semitan,semitan/592
1026,,ile-de-france-mobilite/1214
1027,f-sry-cityofbelgradesecretariatforpublictransport,gsp-beograd/1083
1028,,camara-municipal-de-agueda/1129
1029,f-rck-gowest~sealinkgroup~atairporter~atmetro~thepartybuscompany,auckland-transport/124
1030,f-gbrw-irigo,irigo/1216
1031,,trentino-trasporti-esercizio/614
1032,f-eyck-carris,carris/1000
1033,f-eyce-tst,transportes-sul-do-tejo/999
1034,f-eyce-fertagus,fertagus/1001
1035,f-eycs0-soflusa,soflusa/1002
1036,f-eyckr-metrodelisboa,metro-de-lisboa/1003
1037,f-eyc-cp,comboios-de-portugal/1004
1038,f-eyck-transtejo,transtejo/1006
1039,,ferrocarriles-de-la-generalidad-valenciana-alicante/1040
1040,f-u995-kautra,kautra/639
1041,f-u9c0-kaunoviešasistransportas,kauno-viesasis-transportas-kvt/636
1042,f-u3z-klaipėdoskeleivinistransportas,klaip-da-transport/637
1043,f-u9cm-panevėžioautobusųparkas,panevezio-autobusu-parkas/638
1044,f-u99z-sĮsusisiekimopaslaugos,vilnius-transport/635
1045,f-spqb-aspoolbia,quadri-orari-aspo/1171
1046,f-spnp-atpsassari,quadri-orari-atp-sassari/1172
1047,f-spn-maddalenalines~delcomar,quadri-orari-traghetti/1169
1048,,collegamenti-marittimi-moby/1135
1049,f-spn-asara~atzeni~murgiaautolinee~baireautolinee~autolineedelgo,quadri-orari-linee-contributate/1168
1050,,collegamenti-marittimi-sardinia-ferries/1165
1051,,collegamenti-marittimi-tirrenia/1166
1052,f-spn-trenitalia,quadri-orari-trenitalia/1167
1053,f-u4k-kolumbus,kolumbus/54
1054,,ferrocarriles-de-la-generalidad-valenciana/1039
1055,f-u0h0-tag,tag/594
1056,f-s-ciotabus,
1057,f-wvux-福岡市営渡船,
1058,f-sr7f-ferrotramviariaspa~ferroviedelnordbarese,"ferrotramviaria/412, ferrotramviaria-spa/843"
1059,f-u0nh-autolineevaresine~trasportourbano~autolineevaresine~trasp,autolinee-varesine/661
1060,f-sportran,
1061,f-u2zs-mpk~rzeszówspzoo,ztm-rzeszow/1009
1062,f-u20-actvspa,actv/630
1063,f-u20f-actvspa,actv/631
1064,,renfe/1017
1065,,renfe/1016
1066,f-srhv-sgmspa,societa-gestione-multipla-spa/706
1067,f-9qcs-rosevilletransit,
1068,,
1069,,transilien-sncf/207
1070,f-u2wc-mvkzrt,mvk-zrt/839
1071,,bay-of-plenty-regional-council-bus-service/1222
1072,,wielicka-komunikacja-wewn-trzgminna/1107
1073,,taiwan/956
1074,,taiwan/958
1075,f-nvbw~bwsbahnubahn,deutsche-bahn-stuttgart/1035
1076,f-w21z-lta,
1077,f-u-nl,ov/814
1078,f-u4-ruter~flybussen~stfoldkollektivtrafikk~hedmarktrafikk~oppla,"entur/970, norsk-reiseinformasjon-as/791"
1079,f-sp4-consorcidemallorca,
1080,,puget-sound-region/1014
1081,f-nvbw~bwspnv,
1082,f-nvbw~kvsh,
1083,,
1084,f-nvbw~sweg,
1085,f-nvbw~vpe,
1086,f-q-transperth~transalbany~transbunbury~transbusselton~transgera,transperth/2
1087,,
1088,f-u151-stib,societe-des-transports-intercommunaux-de-bruxelles/527
1089,f-germany~regional~rail,
1090,f-germany~urban~transport,
1091,f-u0-openov~lu,openov/621
1092,f-u0-switzerland,sbb-cff-ffs/793
1093,f-nvbw~rbs,
1094,,
1095,f-ud-atkoliinidoÜ~aktsiaseltshansabussiliinid~kihnuveeteedas~väi,maanteeamet/510
1096,,
1097,f-gc-mcnultycoaches~johnodonoghue~sons~patrickgallagherchurchill,
1098,,city-of-hameenlinna/920
1099,f-9g3-semovi,mexico-city-federal-district-government/70
1100,f-spv0-tuatransdev~envibus~keolis,
1101,f-sp3e-authosa~mohnsl~oliverassl~rosanbussl~solerisauret~sgmt~tc,
1102,,ministry-of-transport-and-communications/921
1103,f-gcw-greater~manchester,transport-for-greater-manchester/224
1104,f-u8-romania~interregionalcalatori~regiotrans~cfrcălători~softrans~trans,
1105,f-wdw4-p2p,
1106,f-wdw-manila,philippines/71
1107,,artxanda-funicular/657
1108,,verkeiersverbond/1034
1109,f-rioc~nyc,
1110,f-dq0d-wavetransit,wave-transit/633
1111,f-f81y-codiactranspo,codiac-transpo/829
1112,,communaute-urbaine-du-grand-nancy/596
1113,f-eysb-empresamalagueñadetransportes,empresa-malaguena-de-transportes/874
1114,f-u6xr-finferries~sundqvistinvestmentsoyab~nordiccoastline,ferries/734
1115,f-u0t9-tunibergexpress~freiburgerverkehrsag~rastreisen,freiburger-verkehrs-ag/1228
1116,f-u0kkb-ginko,ginko-network/1196
1117,f-u0sk-réseaustan,grand-nancy/1068
1118,f-dnh-grtaxpress,grta/66
1119,f-etgc-hf~urbano~hf~interurbano,horarios-do-funchal-transportes-publicos-s-a/1128
1120,,jkp-direkcija-za-javni-prevoz-grada-nisa/1229
1121,f-dnkk-knoxvilleareatransit,knoxville-area-transit-kat/914
1122,,kocaeli-buyuksehir-belediyesi/964
1123,f-u3qc-komunikacjamiejskaŁomiankispzoo,komunikacja-miejska-omianki/723
1124,,lampoon-pattana-transport/796
1125,metra/169,
1126,f-brightline~trails,brightline-trains-llc/1134
1127,,city-of-kotka/923
1128,,city-of-kouvola/924
1129,,city-of-lahti/926
1130,,city-of-mikkeli/925
1131,,city-of-vaasa/922
1132,f-rbs-gowellington~tranzitcoachlines~paraparaumutaxisltd~kapitic,metlink/22
1133,,altamont-corridor-express/823
1134,,ministry-of-transport-and-road-safety/820
1135,,bizkaibus/653
1136,,city-of-kajaani/1103
1137,,coopthai-nct/799
1138,,cuneo/1191
1139,,deutsche-bahn/837
1140,,fort-wayne-citilink/378
1141,,
1142,,gruppo-torinese-trasporti/51
1143,,i-ride-trolley/909
1144,,intercity-group/744
1145,,madison-county-transit/1146
1146,,mar-chiquita-srl/805
1147,,mobilita-e-trasporti-molfetta/411
1148,,mountain-line/243
1149,,opentransit/588
1150,,przyjazdy-pl-plock/1211
1151,,przyjazdy-pl/1206
1152,,b-rgerbus-leupoldsgr-n-landkreis-hof/1126
1153,,region-des-pays-de-la-loire/1072
1154,,regione-piemonte/1192
1155,,rodoviaria-de-lisboa/998
1156,,
1157,,
1158,,
1159,,
1160,,
1161,,
1162,,
1163,,
1164,,
1165,,
1166,,
1167,,
1168,,
1169,,
1170,,
1171,,
1172,,
1173,,
1174,,
1175,,
1176,,
1177,,
1178,,
1179,,
1180,,
1181,,
1182,,
1183,,
1184,,
1185,,
1186,,
1187,,
1188,,
1189,,
1190,,
1191,,
1192,,
1193,,
1194,,
1195,,
1196,,
1197,f-dnn3-thecomet~sc~us,the-comet/1031
1198,,
1199,,
1200,,
1201,,
1202,,
1203,,
1204,,
1205,,
1206,,
1207,,
1208,,
1209,,
1210,,
1211,,
1212,,societe-regionale-wallonne-du-transport/529
1213,,
1214,,
1215,,
1216,,
1217,,
1218,,
1219,,
1220,,
1221,,
1222,,
1223,,
1224,,
1225,,
1226,,
1227,,city-of-joensuu/732
1228,,
1229,,
1230,,
1231,,
1232,,
1233,,
1234,,
1235,,
1236,,
1237,,
1238,,
1239,f-dnx-roanoke~va~us,valley-metro-roanoke/404
1240,,
1241,,
1242,f-9v1z-viametropolitantransit,
1243,,
1244,,
1245,,
1246,,
1247,,
1248,,
1249,,
1250,,
1251,,
1252,,
1253,,
1254,,
1255,,
1256,,
1257,,
1258,,
1259,,
1260,,
1261,,
1262,,
1263,,
1264,,
1265,,
1266,,
1267,,
1268,,
1269,,
1270,,
1271,,
1272,,
1273,,
1274,,
1275,,
1276,,
1277,,
1278,,
1279,,
1280,,
1281,,
1282,,
1283,,
1284,,
1285,,
1286,,
1287,f-brite~bus~va,
1288,,
1289,,north-carolina-state-university/387
1290,,
1291,,
1292,,rejseplanen/705
1293,,
1294,,roma-servizi-per-la-mobilita/542
1295,,
1296,,
1297,,
1298,,
1299,,
1300,,
1301,,
1302,,
1303,,
1304,,
1305,,
1306,,
1307,,
1308,,
1309,,
1310,,
1311,,
1312,,
1313,,
1314,,
1315,,
1316,,
1317,,
1318,,
1319,,
1320,,
1321,,
1322,,
1323,,
1324,,
1325,,whitebus/786
1326,,
1327,,
1328,,